trade_date,SMB,HML
2018-01-02,-0.005299361735754164,0.0028395489348396917
2018-01-03,0.0011248570784440168,-0.0020878786961521564
2018-01-04,-0.00796863243298049,-0.0048252365940768425
2018-01-05,0.00043382493770447155,0.006654845728933615
2018-01-08,-0.005653041734665317,0.0022074384764501137
2018-01-09,-0.005612378202462607,-0.010579020059975444
2018-01-10,-0.010871976388682513,-0.0006074323995990554
2018-01-11,0.006899795612543529,-0.001214790025081344
2018-01-12,-0.006515844715205484,-0.0016890104866055717
2018-01-15,-0.02058373930235628,0.0029281682836815705
2018-01-16,0.00021231663586753687,0.000802031533787129
2018-01-17,0.0056470672431124394,0.009177039557002345
2018-01-18,-0.004493052652335032,0.006750412762191242
2018-01-19,-0.002638046135349997,0.005559485905529633
2018-01-22,-0.009071597106283961,-0.011382952814617629
2018-01-23,-0.007368287682718809,0.0057125871180633975
2018-01-24,0.004471081068691928,0.0006300335268286136
2018-01-25,0.002172205132154635,0.003393924122080381
2018-01-26,-0.006939214839464327,0.0007322972185322357
2018-01-29,0.0024857560193052033,0.010228855984828762
2018-01-30,0.0056188601979474985,-0.0053393132689789485
2018-01-31,-0.028929476717210276,-0.002403348190383324
2018-02-01,-0.03383652873128321,0.000825829753231833
2018-02-02,-0.020958695077787373,0.00169757491965396
2018-02-05,-0.011223644194874502,0.02270819407212477
2018-02-06,-0.02528147796886476,0.0020432669826823888
2018-02-07,0.025701495405452763,-0.0047437618731023395
2018-02-08,0.020854821420772916,-0.020111984958901763
2018-02-09,0.009498919273779466,-0.00852200122016567
2018-02-12,0.009463471248799668,-0.022541724279892664
2018-02-13,-0.012116307601508098,0.002021096472093876
2018-02-14,-0.005024249132051164,-0.0028844457045458854
2018-02-22,-0.007579061845772561,-0.007217133104012331
2018-02-23,0.0002160493146682619,0.002651714906455383
2018-02-26,0.009247857029778506,-0.011735605709811203
2018-02-27,0.01636821578797262,-0.00760302058240647
2018-02-28,0.004929270837801871,-0.0019211058287904844
2018-03-01,0.009435650395119679,-0.01047788451734479
2018-03-02,0.0023914327277371117,-1.746302555270156e-05
2018-03-05,0.007311658796201544,-0.007731221855086286
2018-03-06,-0.001495593208975378,-0.001432831602966777
2018-03-07,0.0034539330201253174,-0.0007138223883994838
2018-03-08,0.002827969426906539,-0.009291397464320679
2018-03-09,0.009592547326780825,-0.010425991792317011
2018-03-12,0.008009079903604477,-0.005271744175141082
2018-03-13,0.003528881493700186,0.005653229311335109
2018-03-14,-0.006196515536869546,-0.0019724179838898365
2018-03-15,-0.014229853109226002,-0.002489917577291931
2018-03-16,0.010085510993841544,0.001901515765596282
2018-03-19,0.002106115408573847,-0.010975124973002973
2018-03-20,0.0027768394059656484,-0.0009963047673220062
2018-03-21,0.0006479518074596189,0.0020336837349966925
2018-03-22,0.01379730112524044,0.0029127677122239345
2018-03-23,-0.025746736099334994,-0.003315072009170028
2018-03-26,0.012308316001617204,-0.022673227194993144
2018-03-27,0.015427454722244863,-0.010290390947240968
2018-03-28,0.012178578813767882,0.004056522875776965
2018-03-29,-0.0022198184052425497,0.007351624313704644
2018-03-30,0.010036188865363886,-0.014662429815485203
2018-04-02,0.006309654812990542,-0.00582174798956037
2018-04-03,-0.0011233045965067482,-0.006368501616204055
2018-04-04,-0.0007039408579718543,-0.0022668493720551406
2018-04-09,0.0032041398192732043,-0.004705321891549036
2018-04-10,-0.013753680289418485,0.00574144837395258
2018-04-11,0.003293362062772077,-0.002444752032112962
2018-04-12,0.003268865352568646,-0.003911045320502772
2018-04-13,0.0022311082801817856,-0.000249718392563502
2018-04-16,0.0007310051207895241,-0.017097022921603224
2018-04-17,-0.005796986247192136,0.010479307120915925
2018-04-18,0.001982961484363298,-0.0029370876027830627
2018-04-19,-0.009236295893220605,-0.003937423397851271
2018-04-20,-0.011435901576927,0.0011161491369107053
2018-04-23,-0.0030478128743146506,0.004364133382866281
2018-04-24,0.0015134595507214678,-0.010710979878297422
2018-04-25,0.007735854043914016,-0.010378385245590057
2018-04-26,-0.003140581468777279,0.005707127352895238
2018-04-27,-0.00213792661412235,0.004080786888491943
2018-05-02,-0.009786953704562049,-0.004617339101883479
2018-05-03,0.0029708853987415024,-0.006333605686057128
2018-05-04,0.00017489600151361683,-0.0014921567571846575
2018-05-07,-8.446736325982742e-06,-0.010383961849676814
2018-05-08,0.0008385401147925541,-0.002773937850466132
2018-05-09,0.0037770095447665856,-0.0022235863700035717
2018-05-10,0.0013878925504302927,-0.006340185668800991
2018-05-11,-0.007783602858150388,0.0045763955670845916
2018-05-14,-0.014054052602906599,-0.0073183834132613
2018-05-15,0.005770188383895865,-0.007523979326503554
2018-05-16,0.0007909359955678765,-0.005240085882570617
2018-05-17,0.006692754635322268,0.005617415676235501
2018-05-18,-0.0036876548803874095,0.00843123452143555
2018-05-21,0.007588395735319434,-0.006252055134343592
2018-05-22,0.0068233484279974005,-0.011481874165743798
2018-05-23,0.0025338694643033664,-0.004701484884637733
2018-05-24,0.004259452193727572,-0.0006008159204139163
2018-05-25,-0.0033832434659127873,-0.0024299532959737276
2018-05-28,-0.01569966150161827,-0.009966860062921998
2018-05-29,-0.0017227128327867729,0.007326505197145762
2018-05-30,-0.024048959379021007,-0.006976989516341316
2018-05-31,-0.0006356236887788061,-0.00844104675526618
2018-06-01,0.00016299003737287022,0.011636993173081422
2018-06-04,-0.01125065323444042,-0.006656138174105238
2018-06-05,0.002810648868416994,-0.015456976412672865
2018-06-06,0.003524283761676686,-0.007301297380132934
2018-06-07,-0.007132958345798245,0.0040773925926879725
2018-06-08,9.184636655325956e-05,-0.013409220244143451
2018-06-11,-0.0038616456101189926,0.0025248084397442388
2018-06-12,-0.007585777909552323,-0.007619465836534097
2018-06-13,-0.010107583656584224,0.0016199012517314395
2018-06-14,-0.0009007611188906203,0.004606381134206992
2018-06-15,-0.021034698456345365,0.006612304559144434
2018-06-19,-0.03936339906911287,-0.0011755486297660538
2018-06-20,0.0040860097604183835,-0.013136651747869897
2018-06-21,-0.01880776312496426,0.005328727029908603
2018-06-22,0.008509980826124343,-0.0024145211341493524
2018-06-25,0.009888640000680097,-0.010768731161116938
2018-06-26,0.01741419920370314,-0.00811469220973342
2018-06-27,0.013328593519320428,0.008500140136509803
2018-06-28,-5.373953749394922e-05,0.004107308133374441
2018-06-29,0.003230614090933507,-0.014875719930976819
2018-07-02,0.012930822885278158,-0.010081602722811535
2018-07-03,0.01496800548854802,0.0027608780901073934
2018-07-04,-0.009456972195054272,0.008295023221911946
2018-07-05,-0.017979246364470448,0.0039673016468878
2018-07-06,-0.0011638778214964275,-0.005557651243303072
2018-07-09,-0.005917453094850697,-0.0068821526406772915
2018-07-10,0.0060230647636358775,-0.008032323094190637
2018-07-11,-0.009573275151168402,-0.007352919945691834
2018-07-12,0.002582927520475711,-0.005020063116655753
2018-07-13,-0.0034124620447439045,-0.008625373014521005
2018-07-16,0.0018228083615588005,-0.007333515245979169
2018-07-17,0.008855122140887043,0.0011176848236815447
2018-07-18,0.0014464811456728639,0.0061198540580397615
2018-07-19,-0.010721502743957506,0.0004335482941614996
2018-07-20,-0.005171586495059866,0.011034927097943367
2018-07-23,-0.0023053695871428984,0.015468094724075395
2018-07-24,0.0013059764152282133,0.0039022447509156274
2018-07-25,0.002166816216847219,0.0007622542088985973
2018-07-26,0.01347426446466761,0.016167386518467986
2018-07-27,-0.0034928894417979198,-0.0009609342635976841
2018-07-30,-0.012647508716686138,0.010253062446309896
2018-07-31,0.002108484862337955,0.003874479374787774
2018-08-01,0.002487592596476431,-0.00452484446822162
2018-08-02,-0.009295105931821033,-0.0020606245349672828
2018-08-03,0.004109327347052158,0.015533452324392107
2018-08-06,-0.0037034980029150982,0.013725418456339147
2018-08-07,-0.0034225837461978777,0.0008320449099584511
2018-08-08,0.0003466162049871353,0.012434085309174678
2018-08-09,-0.002620270290426243,-0.015172001947750115
2018-08-10,0.003682236192330088,-0.010130342985471608
2018-08-13,0.0034028445023293334,-0.010647532781676784
2018-08-14,0.005207193017170631,0.0033344106809479086
2018-08-15,0.0042633818966176995,0.0044751291863870495
2018-08-16,-0.0033685133949565627,0.0036324378686338225
2018-08-17,-0.005407286205195829,0.006194990288045973
2018-08-20,-0.0052459447244119,7.333562154641622e-05
2018-08-21,-0.0061966299763201735,-0.011878719584064126
2018-08-22,-0.004828949623266405,0.004125153925328731
2018-08-23,0.0027350195387320186,-0.005912556935465532
2018-08-24,-0.0031347441247628997,0.004646023383266698
2018-08-27,-0.0055648902434467,-0.012540798749920779
2018-08-28,0.0017955198191625897,-0.000307738439351931
2018-08-29,-0.0014527770920786827,0.001444992990213299
2018-08-30,-0.004056727065586226,0.0006555859990781537
2018-08-31,-0.004276731169578144,0.010411157896611367
2018-09-03,-0.0009329875911216075,-0.002196270519348882
2018-09-04,0.002425660715672226,-0.0019417440577233838
2018-09-05,0.006373987248826293,0.0018447310671044805
2018-09-06,0.0057573306402263595,0.0009796030225177029
2018-09-07,-0.00014906996832497106,0.003057523891575822
2018-09-10,-0.004592315554673799,0.007702802010494964
2018-09-11,0.004984688407254147,-0.004522736087767129
2018-09-12,0.007210810058098119,0.006969841439928881
2018-09-13,-0.0005603791536817349,0.0038213080621633602
2018-09-14,-0.009999178266378252,0.006917683028493828
2018-09-17,-0.006257990882964875,0.0008656617117030673
2018-09-18,-0.0010219951223192567,-0.0011072271625369827
2018-09-19,-0.003968065106202372,-0.005573476047720724
2018-09-20,-0.00047741403823339036,0.0030627220861481003
2018-09-21,-0.016503659700292026,0.00012395505174478579
2018-09-25,0.0018084235851689473,-0.004477483674978584
2018-09-26,-0.007948108087814912,-0.008115842705764544
2018-09-27,-0.016154925519361898,0.004816390835377658
2018-09-28,-0.0012007027476023957,-0.0003349294037907711
2018-10-08,0.005927271136596045,0.009007070370876634
2018-10-09,0.00536083917384942,0.0012382778176574366
2018-10-10,0.007436837431907547,0.0033090289552408616
2018-10-11,-0.029017012096708136,-0.0067422828944898
2018-10-12,-0.02508389861566905,-0.012349433066906315
2018-10-15,0.003378594623380074,-0.007460495126397458
2018-10-16,-0.006793038471406703,0.004790794646432934
2018-10-17,0.00461234314087896,0.004406460978360761
2018-10-18,-0.007434696791769459,-0.0023460028946177824
2018-10-19,-0.00911631362133236,-0.0065809550960171815
2018-10-22,0.005185188393403886,-0.010899744748049032
2018-10-23,0.016083953727014107,0.0038024506000355358
2018-10-24,0.004290318109646946,0.01192845406168217
2018-10-25,-0.006030018314519968,0.013029228882771512
2018-10-26,0.011010475254762784,0.010839477320227867
2018-10-29,0.013760134151473521,0.013754509310628382
2018-10-30,0.005307587340854164,0.0037273172110247896
2018-10-31,-0.0006610915912346168,-0.012717799698808591
2018-11-01,-0.0017644293798731864,-0.012493186487269761
2018-11-02,-0.00896882523067479,-0.018920472267199194
2018-11-05,0.01696392611657561,0.0031384645708561762
2018-11-06,-8.510138250818157e-05,0.005100248675299212
2018-11-07,0.004918310595924132,-0.003991495436266004
2018-11-08,0.007155380888197698,0.004233796417994764
2018-11-09,0.010829304579653413,-0.006036400046712899
2018-11-12,0.017684681350798922,-0.0008754565358421815
2018-11-13,0.011498937299537477,0.000941121465360662
2018-11-14,0.008793782579045763,-0.0011332077597505704
2018-11-15,0.0069746205268279085,-0.0064880065770919915
2018-11-16,0.005341421275182786,-6.314095710669744e-06
2018-11-19,-0.0038848871748077877,0.002551946084276247
2018-11-20,-0.003919325958343455,-0.002885370911584143
2018-11-21,0.00760246120888573,-0.0005170620445077109
2018-11-22,0.004787503637798878,-0.0017216189851408555
2018-11-23,-0.02343148102018318,-0.0005466614919997972
2018-11-26,-0.0008095194106081124,0.0062187311178401325
2018-11-27,0.008883755287124331,-0.00205991689487093
2018-11-28,-0.0005963096317979436,-0.003262347499179942
2018-11-29,-0.014026347582636036,-0.0016090653285539035
2018-11-30,-0.004476292122887582,-0.005578202289538044
2018-12-03,0.003267564715149498,-0.009688601983372045
2018-12-04,0.008142004595327731,0.001314584626559899
2018-12-05,-0.004223295268182461,-0.005518087866501286
2018-12-06,0.003030723180542262,0.004383670296074985
2018-12-07,0.0024176423354014564,0.0039003278322740417
2018-12-10,-0.004040494209357951,-0.0023033701995331607
2018-12-11,0.0051662676382093755,-0.005232578085931561
2018-12-12,-0.0031397238837108793,0.000328706507601595
2018-12-13,-0.005599884773404783,-0.0028877786519186013
2018-12-14,-0.010112807921592868,0.0003460088133621
2018-12-17,0.0038535365523551662,0.004817468331115703
2018-12-18,0.0020030335962110406,-0.004219756439645096
2018-12-19,0.0002824093703590041,0.004046722749222884
2018-12-20,0.010193414572016652,-0.006174288032137443
2018-12-21,0.0027775930299625416,-0.0013353443874477818
2018-12-24,0.00219766892730448,-0.010743825448689853
2018-12-25,-0.0062630708534321365,-0.013467182499321205
2018-12-26,0.0030935969827619405,0.0024965514894443545
2018-12-27,-0.012371568455136346,-3.0902598668411906e-05
2018-12-28,-0.0055872365579212,-0.002177413031583161
2019-01-02,0.012448528008375164,-0.0030232341328829257
2019-01-03,-0.0020803336304020814,0.015434710883405107
2019-01-04,0.0025053071320523777,4.2575110325146145e-05
2019-01-07,0.01037372626683977,-0.0052783531322983124
2019-01-08,0.0015265811588101082,0.00023714299677778984
2019-01-09,-0.004585147597860829,-0.0024812430981291825
2019-01-10,0.0030100934817780096,-0.003204445678996934
2019-01-11,0.0026347557398563276,-0.0008785325694372374
2019-01-14,0.001038234914764319,0.0035749983613965197
2019-01-15,-0.007562088963770673,-0.010690207567483862
2019-01-16,-0.0034092872956878774,-0.0033056089289326355
2019-01-17,-0.006719601107895978,0.0010219360579764784
2019-01-18,-0.010777410854004596,-0.0016214515558615802
2019-01-21,-0.0002698199895641926,-0.0036255909253612964
2019-01-22,0.0046135162329828915,-0.0018707310319486647
2019-01-23,0.001588905520903804,-0.0015671240746634562
2019-01-24,-0.0004956624487623233,-0.001944539301459598
2019-01-25,-0.015532772385178287,0.0006146941839742372
2019-01-28,-0.009841097989200591,-0.004015578129673687
2019-01-29,-0.024219220534604177,-0.0014912632222686638
2019-01-30,-0.008622169151514241,0.0018763409090574393
2019-01-31,-0.029938137646573836,-0.0032269271424550136
2019-02-01,0.011309528042914622,-0.009104888726644464
2019-02-11,0.00846034602676177,-0.015126485175964294
2019-02-12,0.00872571004850625,4.645268941564631e-05
2019-02-13,8.593901199872855e-07,-0.0020116702923698663
2019-02-14,0.003767851622701846,-0.0058237920422374995
2019-02-15,0.013849688466523097,-0.0011243955853454122
2019-02-18,0.0017783026548555947,-0.006501763539762992
2019-02-19,0.004846440435812752,0.00223873468883975
2019-02-20,0.00022738269894617634,0.0015339062719561631
2019-02-21,-0.0010624221655268955,-0.006302098827506522
2019-02-22,-0.0003993948110328401,-0.0047904813836117475
2019-02-25,-0.0075788853838721915,0.004751298875593658
2019-02-26,0.00476099382896028,-0.00038329783854584246
2019-02-27,0.0009688072749148234,0.004795905647379707
2019-02-28,0.007976396551478379,-0.008293978873629652
2019-03-01,-0.012758738951357165,-0.0033232013121538163
2019-03-04,0.0021739816706742472,-0.00898499557731906
2019-03-05,0.01487681661953768,-0.008098114451910183
2019-03-06,0.011946121394884738,0.004968783209489021
2019-03-07,0.021842870742115522,-0.0010076569481392936
2019-03-08,-0.012320715626338909,-0.02049601746152463
2019-03-11,0.016135460436621767,-0.008821993906552656
2019-03-12,0.006743374830010152,-0.006950578698046883
2019-03-13,-0.007771892258581835,0.008863492431858045
2019-03-14,-0.019512606181843067,-0.002748650177494238
2019-03-15,0.005183060309617943,-0.0005347506587406901
2019-03-18,-0.006116059613624058,-0.007087245583232763
2019-03-19,0.006950022695466746,-0.0011273796866019413
2019-03-20,0.0035136866397670803,0.002636196846155315
2019-03-21,0.0070762259165074205,-3.418888090464447e-05
2019-03-22,0.0029050989264042784,-0.0006788756077748936
2019-03-25,0.01019893158794925,-0.00581047078694193
2019-03-26,-0.010106856643060479,-0.0055901410660833895
2019-03-27,-0.006071638393462933,-0.007212662511635868
2019-03-28,-0.008074287003040768,-0.009218403085427106
2019-03-29,-0.010946482239355964,-0.0032849045053791326
2019-04-01,0.005183969473909988,-0.00560806667303811
2019-04-02,0.0051126049697665255,-0.00043177145581686826
2019-04-03,0.0013085279857759588,0.00862668287042199
2019-04-04,-0.007561659388451991,0.001252110452879424
2019-04-08,-0.004437094646013661,0.0032092808844850313
2019-04-09,0.0025602065425129376,-0.00809363542919169
2019-04-10,-0.0030447790877564337,-0.0034428390031765923
2019-04-11,0.004365068483823789,0.005959604712655425
2019-04-12,0.0016477241519170353,-0.001087998915105084
2019-04-15,-0.0031344901205873793,3.8616811805006895e-05
2019-04-16,-0.005311996990527029,-0.0018691618718939106
2019-04-17,0.006504986377704789,-0.0038190423141250497
2019-04-18,-0.002919508351469809,-0.00409008988547868
2019-04-19,-0.002791853682333898,-0.00267755492138683
2019-04-22,0.004246966978870094,-0.009020728390319544
2019-04-23,-0.01590769407246762,-0.005189013672980683
2019-04-24,0.004858235984824631,-0.0015313590721418731
2019-04-25,-0.017088121346046023,-0.006240885943648383
2019-04-26,-0.0009865007137838527,-0.004648817875110498
2019-04-29,-0.036095090473367,-0.0026025844157305
2019-04-30,0.003682979696078989,0.0030769151856945695
2019-05-06,-0.013975826379888432,0.00477258429963822
2019-05-07,0.004528965014180577,-0.005751298404765107
2019-05-08,0.011867833101470457,-0.0020206179030033654
2019-05-09,0.009091383761242649,0.0017670169397782966
2019-05-10,-0.0032077186420258093,-0.015530132185217274
2019-05-13,0.007901259149385552,-0.004446345008170838
2019-05-14,-0.0024132908004457776,-0.003168027686033725
2019-05-15,-0.0001572640337028832,-0.008908729554099668
2019-05-16,0.0020982545963943986,0.0037931964863579856
2019-05-17,-0.0106466336297796,-0.0027963466372387374
2019-05-20,0.0004991229496195186,0.003215824331421754
2019-05-21,0.0009949978037446297,-0.0033111808083486497
2019-05-22,-0.0019241511812530794,-0.008792092610934462
2019-05-23,-0.005989624200258024,0.007690436392735148
2019-05-24,-0.005381573441308029,0.0018460032008879425
2019-05-27,0.010466237393001801,-0.008180584048893403
2019-05-28,-0.006301359775584381,-0.0070623820348760325
2019-05-29,0.004597594086810771,-0.007486721360130016
2019-05-30,-0.0019247588703256988,-0.001315931158353754
2019-05-31,0.0042061444524504644,-0.006060245377846641
2019-06-03,-0.013715567203580546,-0.0008427836165894161
2019-06-04,-0.006374612490175381,0.005110317537517349
2019-06-05,0.0033647975706659373,0.0017298396780647818
2019-06-06,-0.014078637955320196,0.006793326769708917
2019-06-10,-0.001054695135465209,-0.009068190276959006
2019-06-11,0.004108446654887184,-0.009419479014447563
2019-06-12,0.0034957663287055393,-0.002315885659994452
2019-06-13,0.008758604667740729,0.0024718563255195767
2019-06-14,-0.013214852252072784,0.0014121288572653858
2019-06-17,-0.0004489143262201604,0.001783049215218949
2019-06-18,-0.0020574395503903447,-0.0036426369975742544
2019-06-19,0.0022588345068136288,-0.0074223413848092095
2019-06-20,-0.011754094148874331,-0.0030702732137084746
2019-06-21,0.01584187205332444,-0.003412982566202006
2019-06-24,-0.002919337976050134,-0.0024861098513279294
2019-06-25,-0.0017190177694377223,-0.0028907019197911984
2019-06-26,0.00028837049661029486,-0.0033639544856552675
2019-06-27,-0.005409418502997018,-0.008141453244455584
2019-06-28,-0.010773037470378414,-0.0005743171239085017
2019-07-01,0.0004710270112671053,-0.01363500046464591
2019-07-02,0.0005033186390818981,-0.00017873472477899274
2019-07-03,-0.0016729071268543807,0.008036452391752616
2019-07-04,0.0012549598572431833,0.008790925665425272
2019-07-05,-0.0016143853412858861,-0.011820358090084127
2019-07-08,-0.011344236035807235,-0.0022498293555520184
2019-07-09,0.004615453008682694,-0.0006972815578091456
2019-07-10,-0.002314251917800974,-0.003613160631659351
2019-07-11,-0.00019841123148586719,0.0024566620407866
2019-07-12,-0.00504275276400867,0.0007936469559719772
2019-07-15,0.0024294572560761996,-0.0051915533722412185
2019-07-16,0.006497446662466485,0.0016605951743926038
2019-07-17,0.0004428056669218102,-0.0018288759209677563
2019-07-18,-0.008271570906756195,0.0025134352549616695
2019-07-19,-0.003231993336931639,0.00017102028774193664
2019-07-22,-0.00418793762887179,-0.03310927763296466
2019-07-23,0.00830546300314596,-0.002338541374885272
2019-07-24,0.007241539990406374,-0.006506433563397391
2019-07-25,-0.0034621106726002416,-0.007946214852653972
2019-07-26,-0.002898192508770901,-0.000741349287538608
2019-07-29,0.00015343676845306722,-0.00886373084845112
2019-07-30,0.0016876472817478857,0.00029593264945787664
2019-07-31,0.0003516880438075278,-0.004427678990205694
2019-08-01,0.006993192720675601,-0.005182486159836083
2019-08-02,-0.0034046343210109658,-0.009398784122881846
2019-08-05,0.007891678062954212,-0.00570616502429366
2019-08-06,-0.018909589895297303,-0.011536414896108224
2019-08-07,0.0009852925869277209,-0.0006633988266223778
2019-08-08,-0.007069175255215155,-0.005159945822907073
2019-08-09,-0.0024288289021264357,0.003481044394971448
2019-08-12,-0.0013244532465220063,-0.00937118316156129
2019-08-13,0.0020749068397223867,-0.006478823046607355
2019-08-14,-0.00038448956791326574,-0.006157181863046594
2019-08-15,-0.001021484089275007,-0.006961986837783041
2019-08-16,-0.00011536036183799198,-0.007557936525344512
2019-08-19,0.005956623421693144,-0.003934376951474583
2019-08-20,0.002607644550470659,-0.003516896265860812
2019-08-21,0.00013378225515056855,0.00011495233949875575
2019-08-22,0.001239271909454468,-0.00462019133837819
2019-08-23,-0.009034585074288885,-0.003399796688477082
2019-08-26,0.00261086727328356,-0.003617637192063655
2019-08-27,0.004382681030143022,-0.00025699336578490634
2019-08-28,0.005294844866593943,0.00014943509870649172
2019-08-29,-0.0002652990647210884,-0.005119703575367665
2019-08-30,-0.016430239932994976,-0.007075630873617545
2019-09-02,0.008112384023268195,-0.003793638919450684
2019-09-03,0.004305590282571333,-0.008920011524976254
2019-09-04,-0.0011934244195452623,0.007113539118730361
2019-09-05,-7.351619582267784e-06,-0.0025659723701800417
2019-09-06,-0.00020310864719074793,-0.0002358758773508367
2019-09-09,0.010175388885646211,-0.008371193982858871
2019-09-10,0.0061000583113426,0.0005310639528044985
2019-09-11,0.0018452924572365335,0.012352409571890391
2019-09-12,-0.0016562033029419454,-0.0009262553250162912
2019-09-16,0.003768365487759804,-0.0042905591548807985
2019-09-17,-0.005289632525560268,-0.00393230950068736
2019-09-18,-0.0019676484145850393,-0.009285425283744743
2019-09-19,0.006080028068777911,-0.005124228395861753
2019-09-20,-0.002812494026733413,-0.002668826844484429
2019-09-23,0.0015639613069038632,-0.006146065375728397
2019-09-24,0.00034568657419252355,-0.007457099075799336
2019-09-25,-0.007594209779780551,-0.000680139311815293
2019-09-26,-0.0180378009613988,0.015130623186907624
2019-09-27,0.007105186551700636,-0.004885459041844939
2019-09-30,-0.0018289272004539455,0.004237504734697019
2019-10-08,-0.003363405482107512,0.0009680618463626578
2019-10-09,0.006787590431193144,0.001112741860575274
2019-10-10,0.0025747188222627125,-0.009579306606698909
2019-10-11,-0.0054522161368939824,0.004523467512622066
2019-10-14,0.004036695626569799,-0.0005931529336671987
2019-10-15,-0.0033833466581468102,0.0008487217353990812
2019-10-16,-0.0033335105873708525,-0.0002660607794575643
2019-10-17,-0.002379918040900948,-0.0044277950088717636
2019-10-18,0.001552973520864138,-0.004828889155537316
2019-10-21,-0.006444692998791403,0.004494540752818552
2019-10-22,0.005206729780779736,-0.00811114069798529
2019-10-23,0.0027120901164210975,0.001958539738766467
2019-10-24,0.00010503146111347633,0.007186695455879414
2019-10-25,-0.0018357999348915424,-0.006556350789449248
2019-10-28,0.00773297046555579,-0.013193475705941286
2019-10-29,-0.010130342362543931,-0.003409743288591103
2019-10-30,-0.008994458013746095,-0.004516826068434039
2019-10-31,-0.011705457644088773,-0.003140557007578513
2019-11-01,-0.004003419961404838,-0.0032468015482392523
2019-11-04,-0.0056686441266354725,-0.007975636753307522
2019-11-05,-0.006755668026090824,-0.0009147498787915656
2019-11-06,-0.004258221046894439,0.001724436117833311
2019-11-07,0.004933492184164631,-0.006998271725123906
2019-11-08,0.004106890865268042,-0.0073492062372460774
2019-11-11,-0.007811336015550563,-0.004236650118488056
2019-11-12,0.002903847455307846,0.0008359219688195191
2019-11-13,-0.0026901445970686304,-0.010414961414994588
2019-11-14,0.001984326819036398,-0.006795352195496967
2019-11-15,-0.007410163381091049,-0.0003153400626426531
2019-11-18,-0.0006474114009393048,0.0005204282792748076
2019-11-19,0.006515110179162024,-0.006951463304742072
2019-11-20,0.002822833339326479,-0.0034359976891270775
2019-11-21,0.0032710476127198844,0.004476809004054565
2019-11-22,0.0023305152589954835,0.01550786266027012
2019-11-25,-0.009304488164238282,0.02457610827003577
2019-11-26,-0.004782440129247005,-0.006045815532551413
2019-11-27,-0.0012733937241510337,-0.003933297835734203
2019-11-28,0.0008383987943651148,-0.003154606169495018
2019-11-29,0.008127397735739254,0.005841313679373259
2019-12-02,-0.000721282452026298,-0.0013942373783179436
2019-12-03,0.003641528096740653,-0.00018364473207236037
2019-12-04,0.003227542245671466,-0.005563869736475276
2019-12-05,0.0013570045925391482,-0.00844222055636715
2019-12-06,0.0002974464002758322,-0.008663334616555282
2019-12-09,0.0025439853067011757,0.0008647784735224518
2019-12-10,0.0035229280412745526,-0.009149268749385635
2019-12-11,-0.002187190333884732,0.0053033693455692
2019-12-12,-0.001398962569073223,-0.005175489505439601
2019-12-13,-0.007443402876703173,-0.0017678946435398055
2019-12-16,0.008244838342968948,-0.006091294792033493
2019-12-17,-0.00037840104307687063,0.0015884847655328344
2019-12-18,0.0054695933820289285,-0.0029951334111151056
2019-12-19,0.008113178246907923,0.007189058243495427
2019-12-20,-0.0022975385433246097,0.0025969604575721322
2019-12-23,-0.006048435342851495,-0.004166604185699716
2019-12-24,0.008879077944979061,-0.0035898164047369827
2019-12-25,6.724067609201782e-05,-0.008615721416125046
2019-12-26,0.0012391961312592382,0.0008087309888521166
2019-12-27,-0.004972689812320325,0.003885550948748277
2019-12-30,-0.011021326878001739,0.0011894380188716656
2019-12-31,0.0009233292700216727,-0.0027125531674387455
2020-01-02,0.00426540593439637,-0.0038466198716523804
2020-01-03,0.006169782391896191,0.0020380026505474333
2020-01-06,0.0056071619573085825,-0.00209144060327846
2020-01-07,0.004405719681414187,-0.004829941067502757
2020-01-08,-0.0020876648604245505,-0.004035498440592629
2020-01-09,0.0030998373945651998,-0.010523313101909341
2020-01-10,-0.002898957678443823,-0.00803125156094027
2020-01-13,-0.0018012741875887955,-0.011998890803102947
2020-01-14,0.003916040618451812,0.0033898437916606984
2020-01-15,-0.003103190286061829,-0.012301473823050722
2020-01-16,-0.0011440795439999181,-0.01044497827097163
2020-01-17,-0.0008735478522535299,-0.00716184179668062
2020-01-20,-0.001449672352978101,-0.009548118915831936
2020-01-21,0.0011260764951415824,-0.004542769433067141
2020-01-22,-0.005243244923137168,-0.011857919286959978
2020-01-23,-0.004842978696411304,0.0011845257291020605
2020-02-03,-0.01351010247830326,-0.008810623575974542
2020-02-04,-0.03618064764727496,-0.027429552372023935
2020-02-05,0.011134671781118622,-0.01386690249563877
2020-02-06,0.002694816007575056,-0.014800995348386203
2020-02-07,0.01094871966066605,-0.010345194107934764
2020-02-10,0.010403385611244752,0.0031639671855135275
2020-02-11,-0.008427094104630646,-0.005266445143869682
2020-02-12,0.007108785368821445,-0.013003444674995703
2020-02-13,-0.002128030603144719,-0.008091603612929228
2020-02-14,-0.004180451830242165,0.00053353501342565
2020-02-17,0.010486646430571107,-0.007606145792355365
2020-02-18,0.01564005415840355,-0.010728387415693538
2020-02-19,-0.001846635019685906,0.0051454195080139166
2020-02-20,-0.0032805382690839387,-0.000744405831962839
2020-02-21,0.005051202371337207,-0.016017628201895333
2020-02-24,0.009863970554067009,-0.020133144703764885
2020-02-25,-0.003405002591758685,-0.01451636787367951
2020-02-26,0.005180567372792075,0.03370241890764389
2020-02-27,-0.0010792274315193607,-0.0030904833990826022
2020-02-28,-0.014812955126557831,0.00845858037654951
2020-03-02,0.007878400300248596,-0.001030635141985741
2020-03-03,0.005440655834320597,-0.008810884422873403
2020-03-04,0.007545334411343811,0.009898035262609094
2020-03-05,-0.00016089425565527526,0.0017210864900840846
2020-03-06,0.011263698162496581,-0.0012273989418024244
2020-03-09,0.00252771640531683,0.009068872205404359
2020-03-10,-0.0022073840760454305,-0.013992354862277467
2020-03-11,0.004805923548137762,0.002722808886053073
2020-03-12,-0.0003232844398954419,0.004870113628097139
2020-03-13,-0.0004055928524297157,-0.004907453263675144
2020-03-16,0.004649423051457346,0.018743833034616627
2020-03-17,-0.0009783470950391851,-0.0017955872845988525
2020-03-18,0.0008993461424645852,-0.008283770578092098
2020-03-19,0.01454648423764314,-0.012939732716663604
2020-03-20,-0.0008176353623477843,-0.0007872373404235926
2020-03-23,-0.0038866763904175906,0.006615300968876445
2020-03-24,-0.005589633096182795,-0.0015907898947749351
2020-03-25,-0.0022293797726851716,-0.006089898847581817
2020-03-26,-0.0036837697537264076,-0.0043189991463254305
2020-03-27,-0.003810818081064015,0.007645049573425506
2020-03-30,-0.012131410939836612,0.007026400797404183
2020-03-31,-0.00544045194947939,-0.01249748561478063
2020-04-01,-0.003086040362265171,-0.004008029760619838
2020-04-02,0.0005857847428291987,-0.013347433015709672
2020-04-03,0.0001768035686375586,-0.006485890952648403
2020-04-07,0.005481881412715131,-0.01156048587214209
2020-04-08,0.009099783174454002,0.0015527816326091502
2020-04-09,0.0025424914263097293,-0.007772418408401426
2020-04-10,-0.01390369556878854,0.005260380863599289
2020-04-13,-0.00555970342965604,0.0036761675464911524
2020-04-14,-0.0017582439483787033,-0.009488311596930813
2020-04-15,-0.002093451718008024,-0.005889149012734513
2020-04-16,-0.00045516685264873017,-0.0070543030907428755
2020-04-17,-0.00900399915382146,-0.004827396697930838
2020-04-20,0.003236611272950718,-0.011454861112839148
2020-04-21,0.0054981436570677895,-0.0012853301334825292
2020-04-22,9.993519709918361e-05,-0.008522378851718602
2020-04-23,-0.0016464317282317085,0.0007826060386640981
2020-04-24,-0.008112689546283053,-0.0002609174420801566
2020-04-27,-0.012149823207972118,-0.003085357832081007
2020-04-28,-0.028361208953764965,-0.01254599717259825
2020-04-29,-0.005781609431984122,0.008157413790489482
2020-04-30,0.006139822959511931,-0.0059390222044411935
2020-05-06,0.008068436861376942,-0.020232846669761946
2020-05-07,-0.0013455811544634932,-0.006239236212587123
2020-05-08,9.881516770364127e-05,-0.004748916730537133
2020-05-11,0.0015543457078912128,-0.0011159678057866664
2020-05-12,-0.002192006836442344,-0.01440628097494493
2020-05-13,0.002284281401133241,-0.0074697011175826455
2020-05-14,0.002735315633706615,-0.005048444779464912
2020-05-15,0.002084713104836894,-0.003749946902750757
2020-05-18,-0.005248961031857368,-0.0015207417621714572
2020-05-19,0.0017428977955645344,-0.01020336270051618
2020-05-20,-0.0010504691050748497,0.002627148992681505
2020-05-21,-0.0017863535552896856,0.0023556669728615103
2020-05-22,0.004705662128053615,0.004809715884964984
2020-05-25,-0.001962429901511446,-0.0012547307534234364
2020-05-26,0.007253797719077234,-0.015747659835113316
2020-05-27,0.005130389257343305,0.007751427373498641
2020-05-28,-0.006015670925385387,0.004172546434490462
2020-05-29,0.002150360407742535,-0.011307034767588185
2020-06-01,9.226527964780601e-06,-0.01298034363870594
2020-06-02,0.006244533278200879,0.00641301379620382
2020-06-03,0.0003021012710872005,-0.0037554746150081277
2020-06-04,0.006012077798624889,-0.0021816368119968598
2020-06-05,-0.005050067582302292,-0.005561071612247202
2020-06-08,-0.004512351527190008,0.001246979203143002
2020-06-09,-0.0021043829270674676,-0.006308553162885901
2020-06-10,-0.00408224365978475,-0.00888454742440781
2020-06-11,0.00494919603812825,-0.004787949943014764
2020-06-12,0.000681157270326636,-0.009812479855258488
2020-06-15,0.005670259854879096,-0.00150953309432898
2020-06-16,-0.0012013896254081426,-0.00956397101848605
2020-06-17,0.001146778119935536,-0.0037913872288014433
2020-06-18,-0.0053657612198581535,0.0008897628950565082
2020-06-19,-0.004962398659094505,-0.014233452008778222
2020-06-22,0.003005963848853038,-0.013517819789777771
2020-06-23,-0.005776024597902327,-0.016138684665077202
2020-06-24,-0.00631802005766692,-0.002599370946149075
2020-06-29,0.00018319349295348752,-0.009861086741231952
2020-06-30,0.000974646440441109,-0.013633846542453422
2020-07-01,-0.010293699680960349,0.003786307607951998
2020-07-02,-0.00894038238856804,0.013578501089630338
2020-07-03,-0.008693953693432538,0.012683272037968287
2020-07-06,-0.018399517757152678,0.020486565434278365
2020-07-07,0.004336128834171535,-0.035354708230017975
2020-07-08,0.005355118796705198,-0.011262105261513548
2020-07-09,0.006090985387942203,-0.01837464611135658
2020-07-10,0.009435115766721847,-0.028264346326866564
2020-07-13,0.0075071848322008985,-0.01170816671384799
2020-07-14,0.006728240008619414,-8.160128125672596e-05
2020-07-15,-0.007698346994576965,-0.011641878931059644
2020-07-16,-0.0002863227458649806,0.025375531251146194
2020-07-17,-0.002569275634306416,-0.011471362499496568
2020-07-20,0.0022503624213379633,0.014611650605877772
2020-07-21,0.001577422462422164,-0.016548146921182574
2020-07-22,0.004157825885016782,-0.0229162301743768
2020-07-23,-0.003362695012892695,-0.012022914443514509
2020-07-24,0.005031436830536353,0.017791731830223756
2020-07-27,-0.004046539701930426,-0.006472725794990567
2020-07-28,0.0030614575711928136,-0.010771523202198575
2020-07-29,-0.0029016401346396124,-0.013961290558161999
2020-07-30,0.003976985976565581,-0.0018353944421903503
2020-07-31,0.009150098145315562,-0.017828123091456337
2020-08-03,0.009665652759240346,-0.005958585019323032
2020-08-04,-0.004313481410539234,0.008201157520650565
2020-08-05,0.006009654951191839,-0.01295454419986386
2020-08-06,-0.0019065076532522138,0.004458957199291774
2020-08-07,-0.0019220429230666282,-0.001897863243142348
2020-08-10,0.006229122636521455,0.008508027471834042
2020-08-11,-0.007003071279648533,-0.001920028749869216
2020-08-12,0.005588283808430669,0.014833779179764646
2020-08-13,0.00718110662249494,0.004622660554372576
2020-08-14,-0.00849988457576789,-0.007625300207832471
2020-08-17,-0.001518936119638765,-0.006082801319180375
2020-08-18,0.004356833773668144,-0.009565063441234228
2020-08-19,0.001327096347432496,0.009561330506786089
2020-08-20,0.003696766394774884,0.0011725513534153508
2020-08-21,-0.0007164299426324974,-0.006547681852130272
2020-08-24,0.024129572322323697,-0.05223721193595354
2020-08-25,0.00627624133479435,-0.013135954691679132
2020-08-26,-0.006231749803329069,0.0016600420330891421
2020-08-27,0.0070463433335249325,-0.00675067080575665
2020-08-28,-0.012182805992525789,-0.009587442995555702
2020-08-31,0.00552678337058242,-0.003384267306393845
2020-09-01,0.009908909721262082,-0.019621653995445472
2020-09-02,0.008438942898467977,-0.007580997298975689
2020-09-03,-0.0018637369546860068,-0.000439783598814403
2020-09-04,0.014597044524555116,0.0004232034915789421
2020-09-07,0.013413674153526678,0.013296715165992465
2020-09-08,0.006717409948891921,0.01362917219902552
2020-09-09,-0.0016247966170512967,0.021577249461959266
2020-09-10,-0.035771486382181895,-0.011470159928154113
2020-09-11,0.004253758005497427,-0.01585614258689824
2020-09-14,0.010851330105386204,-0.011395868933509686
2020-09-15,-0.005638693818167114,-0.00909363761839687
2020-09-16,0.0019917070903757,0.0031282851129878254
2020-09-17,0.009879921056571714,-0.008628830578229269
2020-09-18,-0.010105737308590766,0.0026116952927734277
2020-09-21,0.0065138024291784835,-0.0008840993983866069
2020-09-22,-0.0019478752505601795,-0.007217746056651487
2020-09-23,0.00445164515868678,-0.012677446687589378
2020-09-24,-0.00654024489261469,-0.003027774051566165
2020-09-25,-0.00518611191671284,-0.001203854565119129
2020-09-28,-0.013791830829036717,-8.64060720121054e-05
2020-09-29,0.002643554259773111,-0.009876321217385034
2020-09-30,-0.000443574775994626,-0.008643665263864023
2020-10-09,0.009092396535317607,-0.013097773484130574
2020-10-12,0.0005980234258452279,-0.013249139353536
2020-10-13,0.0010226590043374752,-0.011377458744063845
2020-10-14,0.0014442432642940643,-0.0028370765542194477
2020-10-15,-0.004091678219218297,0.007082411895057132
2020-10-16,0.007318668595740944,0.0011478262095447442
2020-10-19,0.0026201193791270633,0.005357105573984127
2020-10-20,0.0032166260119360405,-0.01401904259034915
2020-10-21,-0.008779819624952931,0.007165206350645881
2020-10-22,0.0025273557594481847,-0.0012916150901466712
2020-10-23,0.0023922213596833165,0.013767818380228173
2020-10-26,0.008122672638427276,-0.012680750618965925
2020-10-27,-0.003044947133854253,-0.010148548069611978
2020-10-28,-0.004092718112330036,-0.012430595147299698
2020-10-29,-0.0017109752629639646,-0.015034119473088092
2020-10-30,-0.011945310585451155,0.003567157157577666
2020-11-02,-0.004645413736133023,-0.012685519316016016
2020-11-03,0.006137669266219001,-0.0008869030902129357
2020-11-04,-0.006751094022218153,-0.002385233707662921
2020-11-05,0.004205503947502578,-0.009075027830665331
2020-11-06,-0.007893121403619726,0.008639702452575624
2020-11-09,0.003168872481574039,-0.013217497802766731
2020-11-10,-0.003001262965598398,0.004405266026878393
2020-11-11,-0.0014661824424982133,0.019209198742253464
2020-11-12,0.0018562450560490275,-0.00662488452761816
2020-11-13,0.00740245275081389,-0.005334490825427414
2020-11-16,-0.0022228660217032312,0.0098849897613455
2020-11-17,-0.003009633180682225,0.01227680479618792
2020-11-18,0.007566843670100805,0.0035939696610783603
2020-11-19,-0.0038543277734444568,-0.00986729951297124
2020-11-20,-0.0014957586904070473,-0.0012750351242824622
2020-11-23,-0.008275450572002482,0.005442346817582758
2020-11-24,0.0050798634002635346,-0.0031818945698399784
2020-11-25,0.002454366671852917,0.006552812066072776
2020-11-26,-0.004668643046478755,0.0033798968163380487
2020-11-27,-0.009686827171156666,0.0028372317510316214
2020-11-30,0.002268356255566906,-0.001367938709092843
2020-12-01,-0.006511279738011797,-0.004252850168503557
2020-12-02,0.0027984709974976252,-0.005260089983749817
2020-12-03,0.0006551906031202646,-0.007050263604939213
2020-12-04,-0.00038985211450904184,-0.013960271856880743
2020-12-07,0.004325901455560726,-0.014857324010827696
2020-12-08,-0.0016979872402767399,-0.006436765608602349
2020-12-09,-0.00522321564720734,0.0021263288070666906
2020-12-10,-0.0013957134025671843,-0.001951604467129187
2020-12-11,-0.007410749032044937,-0.0023092752081014093
2020-12-14,-0.0008287684003328175,-0.010534448510931348
2020-12-15,-0.003802821220409715,-0.007249690420029016
2020-12-16,-0.01368304473930885,-0.004795828313136484
2020-12-17,-0.004109813029972481,-3.999275856471883e-05
2020-12-18,-0.00364157406695571,0.0030317482817165025
2020-12-21,-0.003709495862538421,-0.015536644618228946
2020-12-22,0.0003832003083969286,-0.010259847386664328
2020-12-23,-0.0044165630795084225,-0.006828517274812724
2020-12-24,-0.015905907369317546,-0.0035072400775738744
2020-12-25,0.001013756546339592,-0.0020431765622683966
2020-12-28,-0.01572825093334949,-0.002001805581766179
2020-12-29,0.0030910105871970704,0.002541390604766899
2020-12-30,-0.009006850707372102,-0.012420444941123593
2020-12-31,-0.0015702731757506888,-0.015620312857345213
2021-01-04,-0.0008760431108235053,-0.020886230705770132
2021-01-05,-0.014997425860164061,-0.02403643247161466
2021-01-06,-0.020079136261788765,0.00017020625660488405
2021-01-07,-0.037719577177714014,-0.018569503969746756
2021-01-08,-0.003937736887621149,0.01208267137447356
2021-01-11,-0.015679008171481462,-0.006228978132102159
2021-01-12,-0.017097522448279865,-0.010631659900985843
2021-01-13,-0.016708625608030176,0.0031185474838842813
2021-01-14,0.01733286494843268,0.010351859967279534
2021-01-15,0.018347806353424142,0.004239216284756509
2021-01-18,0.0054384759021548525,-0.01054868098886751
2021-01-19,0.01599971633508309,0.010586741381353522
2021-01-20,-0.0014944667297359564,-0.01990283367946382
2021-01-21,-0.004664304913874302,-0.014765215973914222
2021-01-22,-0.0063158464186531165,-0.021668321860136796
2021-01-25,-0.02353577543163082,-0.01790805932402457
2021-01-26,0.007975582147247931,0.007958553336430717
2021-01-27,-4.6560404767952264e-05,0.00018621273659148258
2021-01-28,0.011430453243049081,0.014098765494389726
2021-01-29,-0.007988229306791788,-0.005794484467767931
2021-02-01,-0.0019093531887810994,-0.018641030068162458
2021-02-02,-0.011620572384619917,-0.014063570798045717
2021-02-03,-0.004203099731804044,-0.01324305534498292
2021-02-04,-0.012032897802871353,-0.005657104090485598
2021-02-05,-0.009425772228056475,0.01165443665082517
2021-02-08,-0.010671298087415487,-0.0120592661491692
2021-02-09,0.0005832431774273877,-0.018382147065642798
2021-02-10,-0.0033515233581335783,-0.01766611612156216
2021-02-18,0.020399818102131297,0.021150187970086734
2021-02-19,0.019950580023850622,0.013429355415463494
2021-02-22,0.024647288615801677,0.025517258424106376
2021-02-23,-0.00479485282054707,-0.0018505793240304047
2021-02-24,0.02229246865248911,0.010785550024259379
2021-02-25,-0.010309951021735165,0.004195945549058722
2021-02-26,0.025089688948977822,0.0023546607861660088
2021-03-01,0.006207445014402835,-0.011438767125383569
2021-03-02,0.004669444369106525,-0.00029968429201579234
2021-03-03,-0.005293992548034902,0.0006153232028493034
2021-03-04,0.01534680073929816,0.023524433317652672
2021-03-05,0.013197699453141337,0.000547409176719254
2021-03-08,0.014753049441930491,0.024720178973153706
2021-03-09,-0.0048745643505404244,0.01333628545299136
2021-03-10,-0.013702073742574183,-0.01756327198996106
2021-03-11,-0.0034212444025730807,-0.008541158702943735
2021-03-12,-0.004445536406717555,0.007297019795374395
2021-03-15,0.009459925939088435,0.026258919885886585
2021-03-16,0.00784534915382509,-0.0006584983916116524
2021-03-17,0.004802999224921484,-0.021174867584000417
2021-03-18,-0.006073458158232309,-0.01314176372056532
2021-03-19,0.020265394563752547,0.0037895291332694543
2021-03-22,0.0035409343378903536,0.0017641042971133281
2021-03-23,-0.0006280534777564732,-0.003339190798151534
2021-03-24,0.009635043531569102,0.0030280294428554604
2021-03-25,-0.003973635411353118,-0.007455563162704303
2021-03-26,-0.005553787493234851,-0.013233682468629347
2021-03-29,-0.00044989126843608326,-0.0030570077689157493
2021-03-30,-0.014813683846119903,-0.01644371626948629
2021-03-31,0.008170852949350042,0.011150083146328042
